<?xml version="1.0" encoding="UTF-8"?>
<project-private xmlns="http://www.netbeans.org/ns/project-private/1">
    <editor-bookmarks xmlns="http://www.netbeans.org/ns/editor-bookmarks/2" lastBookmarkId="0"/>
    <open-files xmlns="http://www.netbeans.org/ns/projectui-open-files/2">
        <group>
            <file>file:/Users/zhiweigoh/Downloads/hdb-bto/HDB-BTO/HDB-BTO-war/src/java/jsf/managedbean/FlatAllocationManagedBean.java</file>
            <file>file:/Users/zhiweigoh/Downloads/hdb-bto/HDB-BTO/HDB-BTO-war/web/flatAllocation.xhtml</file>
        </group>
    </open-files>
</project-private>
